event_id,session_id,site_id,participant_id,event_start_sec,event_end_sec,phase,investigation_zone,event_type,source_modalities,detection_method,observation_text,explanation_status,known_explanation,environmental_match,manual_marker,signal_quality_summary,hr_delta_bpm_vs_pre_event,rmssd_delta_pct_vs_pre_event,beta_delta_pct_vs_pre_event,audio_peak_dbfs,audio_transient_count,bodycam_motion_score,environmental_noise_db,review_note
EVT_0001,SITE_01_P01_A,SITE_01,P01,810,870,during,zone_b,multimodal_coincidence,"polar,muse,audio,environment",sensor_rule+field_log,Concurrent physiological and EEG change occurred near an audio transient during a documented electrical interval.,probable,Old wiring activity was documented during the interval.,true,True,good,11.0,-24.0,15.7,-27.6,3,0.095,46.9,Retain as an explainable comparison case for model evaluation.
EVT_0002,SITE_01_P01_A,SITE_01,P01,960,1020,during,zone_c,audio_transient,audio,automated_screen,Short audio transient detected without a sustained multi-sensor response.,probable,nan,unknown,False,good,-2.2,0.2,-4.8,-20.4,3,0.132,42.3,Context suggests a conventional or single-modality explanation.
EVT_0003,SITE_01_P01_A,SITE_01,P01,1220,1280,during,zone_d,physiological_shift,polar,automated_screen,Brief heart-rate / HRV change detected without persistent EEG or audio convergence.,probable,Participant movement or posture change is a plausible explanation.,unknown,False,good,7.0,-15.5,1.4,-33.2,0,0.086,39.5,Context suggests a conventional or single-modality explanation.
EVT_0004,SITE_01_P02_A,SITE_01,P02,480,540,during,zone_a,light_change,bodycam,automated_screen,Brief body-camera light-level change detected.,probable,Flashlight movement was visible on body camera.,true,False,good,3.0,18.3,6.6,-31.0,0,0.127,43.2,Context suggests a conventional or single-modality explanation.
EVT_0005,SITE_01_P02_A,SITE_01,P02,640,710,during,zone_b,single_sensor_deviation,muse,automated_screen,Isolated sensor deviation detected without corroboration from other modalities.,probable,Sensor contact adjustment was documented.,unknown,False,acceptable,1.8,-17.4,8.5,-27.6,1,0.21,39.1,Context suggests a conventional or single-modality explanation.
EVT_0006,SITE_01_P04_A,SITE_01,P04,1180,1230,during,zone_c,physiological_shift,polar,automated_screen,Brief heart-rate / HRV change detected without persistent EEG or audio convergence.,probable,Participant movement or posture change is a plausible explanation.,unknown,False,good,8.0,-10.8,9.5,-29.1,1,0.21,39.9,Context suggests a conventional or single-modality explanation.
EVT_0007,SITE_01_P04_A,SITE_01,P04,1340,1420,during,zone_d,multimodal_coincidence,"polar,muse,audio,environment",sensor_rule+field_log,Concurrent physiological and EEG change occurred near an audio transient during a documented electrical interval.,probable,Old wiring activity was documented during the interval.,true,True,good,10.4,2.5,3.7,-20.5,5,0.117,52.7,Retain as an explainable comparison case for model evaluation.
EVT_0008,SITE_01_P05_A,SITE_01,P05,790,860,during,zone_b,light_change,bodycam,automated_screen,Brief body-camera light-level change detected.,probable,Flashlight movement was visible on body camera.,true,False,good,0.3,-30.6,-3.4,-32.6,0,0.197,39.1,Context suggests a conventional or single-modality explanation.
EVT_0009,SITE_01_P06_A,SITE_01,P06,1390,1450,during,zone_d,movement_event,"bodycam,muse_accel",automated_screen,Short movement burst detected in body-camera and accelerometer data.,confirmed,Footstep / investigator handling was visible on body camera.,true,False,good,7.5,8.8,-9.0,-32.4,1,0.447,35.0,Context suggests a conventional or single-modality explanation.
EVT_0010,SITE_01_P07_A,SITE_01,P07,490,530,during,zone_a,protocol_interruption,"field_log,environment",field_log,Session interrupted by a documented protocol deviation.,confirmed,Old wiring and active plumbing documented before the study.,true,True,good,0.1,26.4,-7.5,-28.4,2,0.44,47.8,Exclude this session from primary analysis but retain for audit and robustness testing.
EVT_0011,SITE_01_P07_B,SITE_01,P07,870,920,during,zone_b,multimodal_coincidence,"polar,muse,audio,environment",sensor_rule+field_log,Concurrent physiological and EEG change occurred near an audio transient during a documented electrical interval.,probable,Old wiring activity was documented during the interval.,true,True,good,16.1,-33.6,14.2,-14.9,4,0.106,52.1,Retain as an explainable comparison case for model evaluation.
EVT_0012,SITE_01_P08_A,SITE_01,P08,410,460,during,zone_a,multimodal_coincidence,"polar,muse,audio,environment",sensor_rule+field_log,Concurrent physiological and EEG change occurred near an audio transient during a documented electrical interval.,probable,Old wiring activity was documented during the interval.,true,True,good,9.9,-18.4,15.5,-21.8,2,0.113,48.8,Retain as an explainable comparison case for model evaluation.
EVT_0013,SITE_01_P08_A,SITE_01,P08,870,940,during,zone_b,single_sensor_deviation,muse,automated_screen,Isolated sensor deviation detected without corroboration from other modalities.,probable,Sensor contact adjustment was documented.,unknown,False,degraded,3.0,-1.2,7.2,-24.0,1,0.197,37.7,Context suggests a conventional or single-modality explanation.
EVT_0014,SITE_01_P09_A,SITE_01,P09,900,980,during,zone_c,multimodal_coincidence,"polar,muse,audio,environment",sensor_rule+field_log,Concurrent physiological and EEG change occurred near an audio transient during a documented electrical interval.,probable,Old wiring activity was documented during the interval.,true,True,good,12.1,-29.2,5.9,-21.6,4,0.11,48.9,Retain as an explainable comparison case for model evaluation.
EVT_0015,SITE_02_P01_A,SITE_02,P01,880,940,during,zone_b,single_sensor_deviation,muse,automated_screen,Isolated sensor deviation detected without corroboration from other modalities.,probable,Sensor contact adjustment was documented.,unknown,False,acceptable,0.3,2.2,-1.4,-29.4,0,0.166,45.8,Context suggests a conventional or single-modality explanation.
EVT_0016,SITE_02_P01_A,SITE_02,P01,1170,1250,during,zone_c,physiological_shift,"polar,muse,bodycam,muse_accel",automated_screen,Concurrent physiological and EEG change occurred near an audio transient.,probable,Movement was visible on body camera during the physiological change.,true,False,good,12.4,-20.3,3.8,-20.8,3,0.424,42.8,Context suggests a conventional or single-modality explanation.
EVT_0017,SITE_02_P02_A,SITE_02,P02,560,620,during,zone_a,movement_event,"bodycam,muse_accel",automated_screen,Short movement burst detected in body-camera and accelerometer data.,confirmed,Equipment handling is the most likely source.,true,False,good,7.4,-38.1,-3.8,-24.9,1,0.423,47.9,Context suggests a conventional or single-modality explanation.
EVT_0018,SITE_02_P04_A,SITE_02,P04,450,500,during,zone_a,physiological_shift,"polar,muse,bodycam,muse_accel",automated_screen,Concurrent physiological and EEG change occurred near an audio transient.,probable,Movement was visible on body camera during the physiological change.,true,False,good,11.9,-45.3,16.3,-27.2,1,0.41,44.9,Context suggests a conventional or single-modality explanation.
EVT_0019,SITE_02_P04_A,SITE_02,P04,630,690,during,zone_b,multimodal_coincidence,"polar,muse,audio,bodycam",sensor_rule+manual_review,Concurrent physiological and EEG change occurred near an audio transient. Body-camera movement remained low.,unresolved,,unknown,True,good,12.4,-36.6,17.9,-20.9,1,0.147,42.9,Low-context event; retain for comparison.
EVT_0020,SITE_02_P04_A,SITE_02,P04,780,850,during,zone_b,environmental_or_audio_event,"audio,environment",sensor_rule+field_log,Concurrent sensor change detected during a documented environmental interval.,probable,"HVAC cycling, plumbing and occasional hallway activity are expected.",true,True,good,1.8,-10.8,-2.3,-22.7,1,0.187,45.1,Retain as an explainable comparison case for model evaluation.
EVT_0021,SITE_02_P05_A,SITE_02,P05,1180,1250,during,zone_c,single_sensor_deviation,muse,automated_screen,Isolated sensor deviation detected without corroboration from other modalities.,probable,Sensor contact adjustment was documented.,unknown,False,acceptable,4.0,15.1,8.5,-31.6,0,0.122,44.0,Context suggests a conventional or single-modality explanation.
EVT_0022,SITE_02_P06_A,SITE_02,P06,820,880,during,zone_b,audio_transient,audio,automated_screen,Short audio transient detected without a sustained multi-sensor response.,probable,Distant exterior noise was present but exact source was not visually confirmed.,true,False,good,-0.3,-1.9,-7.6,-19.8,1,0.144,45.9,Context suggests a conventional or single-modality explanation.
EVT_0023,SITE_02_P08_A,SITE_02,P08,530,580,during,zone_a,single_sensor_deviation,muse,automated_screen,Isolated sensor deviation detected without corroboration from other modalities.,probable,Sensor contact adjustment was documented.,unknown,False,acceptable,0.4,25.2,18.9,-28.9,1,0.17,44.3,Context suggests a conventional or single-modality explanation.
EVT_0024,SITE_02_P08_A,SITE_02,P08,650,730,during,zone_b,movement_event,"bodycam,muse_accel",automated_screen,Short movement burst detected in body-camera and accelerometer data.,confirmed,Footstep / investigator handling was visible on body camera.,true,False,good,6.4,-6.9,-1.3,-28.1,2,0.382,45.5,Context suggests a conventional or single-modality explanation.
EVT_0025,SITE_02_P08_A,SITE_02,P08,1040,1100,during,zone_c,audio_transient,audio,automated_screen,Short audio transient detected without a sustained multi-sensor response.,probable,Distant exterior noise was present but exact source was not visually confirmed.,unknown,False,good,-1.8,-24.3,3.6,-26.5,2,0.147,46.3,Context suggests a conventional or single-modality explanation.
EVT_0026,SITE_02_P08_A,SITE_02,P08,1220,1280,during,zone_d,physiological_shift,polar,automated_screen,Brief heart-rate / HRV change detected without persistent EEG or audio convergence.,probable,Participant movement or posture change is a plausible explanation.,unknown,False,good,4.5,-29.6,1.5,-29.5,0,0.118,44.9,Context suggests a conventional or single-modality explanation.
EVT_0027,SITE_02_P09_A,SITE_02,P09,800,870,during,zone_b,light_change,bodycam,automated_screen,Brief body-camera light-level change detected.,probable,Flashlight movement was visible on body camera.,true,False,good,-2.0,-1.5,-1.9,-28.1,1,0.145,43.8,Context suggests a conventional or single-modality explanation.
EVT_0028,SITE_02_P09_A,SITE_02,P09,1220,1300,during,zone_d,multimodal_coincidence,"polar,muse,audio",sensor_rule+field_log,Concurrent physiological and EEG change occurred near an audio transient. Body-camera movement remained low.,unresolved,,unknown,True,good,5.9,2.3,-2.9,-19.0,2,0.098,47.0,Low-context event; retain for comparison.
EVT_0029,SITE_03_P01_A,SITE_03,P01,720,780,during,zone_b,physiological_shift,polar,automated_screen,Brief heart-rate / HRV change detected without persistent EEG or audio convergence.,probable,Participant movement or posture change is a plausible explanation.,unknown,False,good,5.5,-12.1,2.9,-35.0,0,0.102,41.0,Context suggests a conventional or single-modality explanation.
EVT_0030,SITE_03_P02_A,SITE_03,P02,1240,1300,during,zone_d,physiological_shift,polar,automated_screen,Brief heart-rate / HRV change detected without persistent EEG or audio convergence.,probable,Participant movement or posture change is a plausible explanation.,unknown,False,good,4.4,-11.9,2.3,-31.6,1,0.075,36.7,Context suggests a conventional or single-modality explanation.
EVT_0031,SITE_03_P03_A,SITE_03,P03,460,540,during,zone_a,physiological_shift,polar,automated_screen,Brief heart-rate / HRV change detected without persistent EEG or audio convergence.,probable,Participant movement or posture change is a plausible explanation.,unknown,False,good,4.2,-21.1,-8.1,-34.2,0,0.156,33.0,Context suggests a conventional or single-modality explanation.
EVT_0032,SITE_03_P04_A,SITE_03,P04,370,440,during,zone_a,light_change,bodycam,automated_screen,Brief body-camera light-level change detected.,probable,Flashlight movement was visible on body camera.,true,False,good,1.1,-4.5,13.1,-33.5,1,0.164,33.2,Context suggests a conventional or single-modality explanation.
EVT_0033,SITE_03_P04_A,SITE_03,P04,600,680,during,zone_b,single_sensor_deviation,muse,automated_screen,Isolated sensor deviation detected without corroboration from other modalities.,probable,Sensor contact adjustment was documented.,unknown,False,acceptable,-3.4,-0.1,16.1,-33.3,0,0.161,35.6,Context suggests a conventional or single-modality explanation.
EVT_0034,SITE_03_P04_A,SITE_03,P04,820,900,during,zone_b,audio_transient,"audio,polar",sensor_rule+field_log,Voice-like fragment heard while the Spirit Box was sweeping; mild physiological response.,unresolved,,unknown,True,good,6.6,-21.0,-2.3,-20.8,2,0.123,34.8,Low-context event; retain for comparison.
EVT_0035,SITE_03_P04_A,SITE_03,P04,1380,1440,during,zone_d,multimodal_coincidence,"polar,muse,audio,bodycam",sensor_rule+manual_review,Concurrent physiological and EEG change occurred near an audio transient. Body-camera movement remained low.,unresolved,,false,True,good,16.1,-24.7,14.7,-27.3,3,0.101,35.6,No immediate environmental explanation was documented; compare across independent sessions.
EVT_0036,SITE_03_P07_A,SITE_03,P07,770,820,during,zone_b,multimodal_coincidence,"polar,muse,audio",sensor_rule+field_log,Concurrent physiological and EEG change occurred near an audio transient. Body-camera movement remained low.,unresolved,,unknown,True,good,5.3,-26.5,8.7,-28.2,2,0.112,36.4,Low-context event; retain for comparison.
EVT_0037,SITE_03_P08_A,SITE_03,P08,390,480,during,zone_a,multimodal_coincidence,"polar,muse,audio,bodycam",sensor_rule+manual_review,Concurrent physiological and EEG change occurred near an audio transient. Body-camera movement remained low.,unresolved,,unknown,True,good,5.8,-27.8,8.4,-25.1,2,0.082,34.7,Low-context event; retain for comparison.
EVT_0038,SITE_03_P09_A,SITE_03,P09,960,1020,during,zone_c,single_sensor_deviation,muse,automated_screen,Isolated sensor deviation detected without corroboration from other modalities.,probable,Sensor contact adjustment was documented.,unknown,False,acceptable,-5.7,-9.6,6.3,-35.7,0,0.187,33.3,Context suggests a conventional or single-modality explanation.
EVT_0039,SITE_04_P03_A,SITE_04,P03,1310,1390,during,zone_d,physiological_shift,polar,automated_screen,Brief heart-rate / HRV change detected without persistent EEG or audio convergence.,probable,Participant movement or posture change is a plausible explanation.,unknown,False,good,6.2,-39.4,-4.1,-30.0,0,0.198,43.1,Context suggests a conventional or single-modality explanation.
EVT_0040,SITE_04_P04_A,SITE_04,P04,540,600,during,zone_a,single_sensor_deviation,muse,automated_screen,Isolated sensor deviation detected without corroboration from other modalities.,probable,Sensor contact adjustment was documented.,unknown,False,degraded,-2.0,-9.6,4.9,-26.3,1,0.139,40.0,Context suggests a conventional or single-modality explanation.
EVT_0041,SITE_04_P04_A,SITE_04,P04,670,740,during,zone_b,movement_event,"bodycam,muse_accel",automated_screen,Short movement burst detected in body-camera and accelerometer data.,confirmed,Equipment handling is the most likely source.,true,False,good,3.7,-0.5,4.9,-28.5,1,0.413,43.2,Context suggests a conventional or single-modality explanation.
EVT_0042,SITE_04_P04_A,SITE_04,P04,1070,1130,during,zone_c,single_sensor_deviation,muse,automated_screen,Isolated sensor deviation detected without corroboration from other modalities.,probable,Sensor contact adjustment was documented.,unknown,False,acceptable,0.7,-1.4,9.6,-31.5,0,0.125,41.9,Context suggests a conventional or single-modality explanation.
EVT_0043,SITE_04_P05_A,SITE_04,P05,670,730,during,zone_b,multimodal_coincidence,"polar,muse,audio,environment",sensor_rule+field_log,Concurrent physiological and EEG change occurred near an audio transient during a documented electrical interval.,probable,Breaker panels activity was documented during the interval.,true,True,good,10.1,-26.2,4.7,-25.3,5,0.056,52.3,Retain as an explainable comparison case for model evaluation.
EVT_0044,SITE_04_P05_A,SITE_04,P05,1240,1310,during,zone_d,light_change,bodycam,automated_screen,Brief body-camera light-level change detected.,probable,Exterior light spill or flashlight movement is a plausible source.,true,False,good,-1.7,14.1,-7.1,-32.1,0,0.119,41.1,Context suggests a conventional or single-modality explanation.
EVT_0045,SITE_04_P05_A,SITE_04,P05,1380,1460,during,zone_d,physiological_shift,polar,automated_screen,Brief heart-rate / HRV change detected without persistent EEG or audio convergence.,probable,Participant movement or posture change is a plausible explanation.,unknown,False,good,4.8,-1.4,3.0,-31.5,0,0.113,37.4,Context suggests a conventional or single-modality explanation.
EVT_0046,SITE_04_P07_A,SITE_04,P07,750,820,during,zone_b,single_sensor_deviation,"muse,polar",automated_screen,EEG beta increase during a short signal-quality reduction.,probable,Short signal-quality reduction may explain the isolated deviation.,unknown,False,degraded,2.6,-28.4,12.5,-30.2,0,0.123,42.8,Context suggests a conventional or single-modality explanation.
EVT_0047,SITE_04_P08_A,SITE_04,P08,620,680,during,zone_b,movement_event,"bodycam,muse_accel",automated_screen,Short movement burst detected in body-camera and accelerometer data.,confirmed,Investigator movement was visible on body camera.,true,False,good,8.2,17.3,-5.7,-29.2,2,0.506,41.2,Context suggests a conventional or single-modality explanation.
EVT_0048,SITE_04_P08_A,SITE_04,P08,920,1000,during,zone_c,single_sensor_deviation,muse,automated_screen,Isolated sensor deviation detected without corroboration from other modalities.,probable,Sensor contact adjustment was documented.,unknown,False,degraded,-0.2,5.4,1.7,-31.0,0,0.119,42.7,Context suggests a conventional or single-modality explanation.
EVT_0049,SITE_04_P08_A,SITE_04,P08,1150,1220,during,zone_c,physiological_shift,"polar,muse",sensor_rule+manual_review,Concurrent physiological and EEG change without an audio transient. Body-camera movement remained low.,unresolved,,false,True,good,10.3,-31.5,10.6,-31.5,0,0.053,39.0,No immediate environmental explanation was documented; compare across independent sessions.
EVT_0050,SITE_04_P08_A,SITE_04,P08,1280,1360,during,zone_d,environmental_or_audio_event,"audio,environment",sensor_rule+field_log,Concurrent sensor change detected during a documented environmental interval.,probable,Metal structure and nearby electrical infrastructure produce hum and expansion noise.,true,True,good,-1.9,9.4,-1.6,-22.1,2,0.141,50.4,Retain as an explainable comparison case for model evaluation.
EVT_0051,SITE_04_P08_A,SITE_04,P08,1420,1490,during,zone_d,light_change,bodycam,automated_screen,Brief body-camera light-level change detected.,probable,Exterior light spill or flashlight movement is a plausible source.,true,False,good,-0.9,-18.8,-5.3,-31.1,0,0.249,41.9,Context suggests a conventional or single-modality explanation.
EVT_0052,SITE_04_P10_A,SITE_04,P10,1270,1340,during,zone_d,audio_transient,audio,automated_screen,Short audio transient detected without a sustained multi-sensor response.,unresolved,nan,true,False,good,-0.5,2.7,-7.0,-21.6,2,0.136,42.5,Context suggests a conventional or single-modality explanation.
EVT_0053,SITE_05_P01_A,SITE_05,P01,930,1000,during,zone_c,single_sensor_deviation,"muse,polar",automated_screen,EEG beta increase during a short signal-quality reduction.,probable,Short signal-quality reduction may explain the isolated deviation.,unknown,False,degraded,4.0,-13.5,33.6,-29.2,1,0.1,35.8,Context suggests a conventional or single-modality explanation.
EVT_0054,SITE_05_P01_A,SITE_05,P01,1290,1360,during,zone_d,light_change,bodycam,automated_screen,Brief body-camera light-level change detected.,probable,Exterior light spill or flashlight movement is a plausible source.,true,False,good,-4.7,13.4,-7.0,-32.0,0,0.119,35.2,Context suggests a conventional or single-modality explanation.
EVT_0055,SITE_05_P02_A,SITE_05,P02,670,710,during,zone_b,protocol_interruption,"field_log,environment",field_log,Session interrupted by a documented protocol deviation.,confirmed,"Birds, small animals and loose windows were observed on site.",true,True,good,0.4,37.1,3.1,-27.5,2,0.341,37.2,Exclude this session from primary analysis but retain for audit and robustness testing.
EVT_0056,SITE_05_P02_B,SITE_05,P02,360,420,during,zone_a,light_change,bodycam,automated_screen,Brief body-camera light-level change detected.,probable,Exterior light spill or flashlight movement is a plausible source.,true,False,good,1.8,8.5,3.5,-31.7,0,0.111,41.2,Context suggests a conventional or single-modality explanation.
EVT_0057,SITE_05_P02_B,SITE_05,P02,1080,1150,during,zone_c,audio_transient,audio,automated_screen,Short audio transient detected without a sustained multi-sensor response.,unresolved,nan,unknown,False,good,1.4,-15.3,-11.4,-23.9,1,0.225,34.1,Context suggests a conventional or single-modality explanation.
EVT_0058,SITE_05_P02_B,SITE_05,P02,1350,1430,during,zone_d,multimodal_coincidence,"polar,muse,audio",sensor_rule+field_log,Concurrent physiological and EEG change occurred near an audio transient. Body-camera movement remained low.,unresolved,,unknown,True,good,4.7,-3.0,-2.2,-27.6,2,0.109,34.2,Low-context event; retain for comparison.
EVT_0059,SITE_05_P03_A,SITE_05,P03,890,960,during,zone_b,multimodal_coincidence,"polar,muse,audio,bodycam",sensor_rule+manual_review,Concurrent physiological and EEG change occurred near an audio transient. Body-camera movement remained low.,unresolved,,false,True,good,11.6,-42.5,18.8,-20.6,5,0.052,31.5,No immediate environmental explanation was documented; compare across independent sessions.
EVT_0060,SITE_05_P03_A,SITE_05,P03,1350,1420,during,zone_d,multimodal_coincidence,"polar,muse,audio",sensor_rule+field_log,Concurrent physiological and EEG change occurred near an audio transient. Body-camera movement remained low.,unresolved,,unknown,True,good,6.3,-13.2,6.8,-25.2,3,0.126,34.3,Low-context event; retain for comparison.
EVT_0061,SITE_05_P04_A,SITE_05,P04,1330,1400,during,zone_d,light_change,bodycam,automated_screen,Brief body-camera light-level change detected.,probable,Exterior light spill or flashlight movement is a plausible source.,true,False,good,-1.6,-13.6,-3.3,-34.7,0,0.176,31.7,Context suggests a conventional or single-modality explanation.
EVT_0062,SITE_05_P05_A,SITE_05,P05,1370,1430,during,zone_d,single_sensor_deviation,muse,automated_screen,Isolated sensor deviation detected without corroboration from other modalities.,probable,Sensor contact adjustment was documented.,unknown,False,acceptable,-1.8,13.0,16.6,-36.2,0,0.137,30.6,Context suggests a conventional or single-modality explanation.
EVT_0063,SITE_05_P07_A,SITE_05,P07,410,470,during,zone_a,environmental_or_audio_event,"audio,environment",sensor_rule+field_log,Concurrent sensor change detected during a documented environmental interval.,probable,"Birds, small animals and loose windows were observed on site.",true,True,good,3.5,4.5,0.7,-28.0,1,0.154,40.9,Retain as an explainable comparison case for model evaluation.
EVT_0064,SITE_05_P07_A,SITE_05,P07,560,630,during,zone_a,audio_transient,"audio,polar",sensor_rule+field_log,Voice-like fragment heard while the Spirit Box was sweeping; mild physiological response.,unresolved,,unknown,True,good,5.4,-14.3,7.3,-24.3,2,0.078,35.4,Low-context event; retain for comparison.
EVT_0065,SITE_05_P07_A,SITE_05,P07,700,780,during,zone_b,movement_event,"bodycam,muse_accel",automated_screen,Short movement burst detected in body-camera and accelerometer data.,confirmed,Investigator movement was visible on body camera.,true,False,good,4.7,-16.0,-4.6,-31.9,0,0.4,34.4,Context suggests a conventional or single-modality explanation.
EVT_0066,SITE_05_P07_A,SITE_05,P07,1350,1400,during,zone_d,environmental_or_audio_event,"audio,environment",sensor_rule+field_log,Concurrent sensor change detected during a documented environmental interval.,probable,"Birds, small animals and loose windows were observed on site.",true,True,good,-2.8,30.3,-0.7,-25.5,2,0.116,41.6,Retain as an explainable comparison case for model evaluation.
EVT_0067,SITE_05_P08_A,SITE_05,P08,1010,1070,during,zone_c,single_sensor_deviation,"muse,polar",automated_screen,EEG beta increase during a short signal-quality reduction.,probable,Short signal-quality reduction may explain the isolated deviation.,unknown,False,degraded,8.3,-20.5,33.6,-27.9,2,0.092,33.7,Context suggests a conventional or single-modality explanation.
EVT_0068,SITE_05_P10_A,SITE_05,P10,930,1010,during,zone_c,multimodal_coincidence,"polar,muse,audio,bodycam",sensor_rule+manual_review,Concurrent physiological and EEG change occurred near an audio transient. Body-camera movement remained low.,unresolved,,unknown,True,good,10.4,-33.5,11.1,-17.9,2,0.101,33.3,Low-context event; retain for comparison.
EVT_0069,SITE_05_P10_A,SITE_05,P10,1350,1430,during,zone_d,single_sensor_deviation,muse,automated_screen,Isolated sensor deviation detected without corroboration from other modalities.,probable,Sensor contact adjustment was documented.,unknown,False,degraded,-6.4,32.6,6.0,-34.6,0,0.119,30.2,Context suggests a conventional or single-modality explanation.
EVT_0070,SITE_06_P02_A,SITE_06,P02,860,930,during,zone_b,light_change,bodycam,automated_screen,Brief body-camera light-level change detected.,probable,Exterior light spill or flashlight movement is a plausible source.,true,False,good,2.2,9.7,-6.1,-32.2,0,0.167,41.8,Context suggests a conventional or single-modality explanation.
EVT_0071,SITE_06_P03_A,SITE_06,P03,1220,1270,during,zone_d,light_change,bodycam,automated_screen,Brief body-camera light-level change detected.,probable,Exterior light spill or flashlight movement is a plausible source.,true,False,good,0.1,-24.9,-1.0,-28.9,0,0.118,42.9,Context suggests a conventional or single-modality explanation.
EVT_0072,SITE_06_P06_A,SITE_06,P06,410,460,during,zone_a,physiological_shift,"polar,muse,bodycam,muse_accel",automated_screen,Concurrent physiological and EEG change occurred near an audio transient.,probable,Movement was visible on body camera during the physiological change.,true,False,good,1.4,-8.6,11.8,-28.3,2,0.38,40.1,Context suggests a conventional or single-modality explanation.
EVT_0073,SITE_06_P06_A,SITE_06,P06,910,990,during,zone_c,single_sensor_deviation,muse,automated_screen,Isolated sensor deviation detected without corroboration from other modalities.,probable,Sensor contact adjustment was documented.,unknown,False,acceptable,0.6,-6.3,7.0,-30.1,0,0.183,40.7,Context suggests a conventional or single-modality explanation.
EVT_0074,SITE_06_P07_A,SITE_06,P07,350,420,during,zone_a,light_change,bodycam,automated_screen,Brief body-camera light-level change detected.,probable,Flashlight movement was visible on body camera.,true,False,good,0.2,7.2,-4.9,-30.8,0,0.104,39.9,Context suggests a conventional or single-modality explanation.
EVT_0075,SITE_06_P07_A,SITE_06,P07,640,690,during,zone_b,single_sensor_deviation,muse,automated_screen,Isolated sensor deviation detected without corroboration from other modalities.,probable,Sensor contact adjustment was documented.,unknown,False,degraded,-2.6,-8.7,10.0,-29.7,0,0.111,44.4,Context suggests a conventional or single-modality explanation.
EVT_0076,SITE_06_P07_A,SITE_06,P07,870,940,during,zone_b,multimodal_coincidence,"polar,muse,audio,bodycam",sensor_rule+manual_review,Concurrent physiological and EEG change occurred near an audio transient. Body-camera movement remained low.,unresolved,,unknown,True,good,3.8,-19.3,7.4,-20.9,3,0.102,38.8,Low-context event; retain for comparison.
EVT_0077,SITE_06_P08_A,SITE_06,P08,1150,1190,during,zone_c,protocol_interruption,"field_log,environment",field_log,Session interrupted by a documented protocol deviation.,confirmed,Stage rigging and HVAC produce intermittent creaks and cycling sounds.,true,True,good,1.5,3.8,2.0,-27.8,2,0.441,51.9,Exclude this session from primary analysis but retain for audit and robustness testing.
EVT_0078,SITE_06_P08_B,SITE_06,P08,1000,1050,during,zone_c,physiological_shift,polar,automated_screen,Brief heart-rate / HRV change detected without persistent EEG or audio convergence.,probable,Participant movement or posture change is a plausible explanation.,unknown,False,good,7.4,4.5,-12.6,-32.5,0,0.113,42.6,Context suggests a conventional or single-modality explanation.
EVT_0079,SITE_06_P09_A,SITE_06,P09,1090,1130,during,zone_c,protocol_interruption,"field_log,environment",field_log,Session interrupted by a documented protocol deviation.,confirmed,Stage rigging and HVAC produce intermittent creaks and cycling sounds.,true,True,good,-0.9,-12.0,-7.6,-24.3,4,0.344,48.2,Exclude this session from primary analysis but retain for audit and robustness testing.
EVT_0080,SITE_06_P09_B,SITE_06,P09,530,580,during,zone_a,multimodal_coincidence,"polar,muse,audio",sensor_rule+field_log,Concurrent physiological and EEG change occurred near an audio transient. Body-camera movement remained low.,unresolved,,unknown,True,good,1.5,-22.2,3.5,-25.1,1,0.12,48.0,Low-context event; retain for comparison.
EVT_0081,SITE_06_P09_B,SITE_06,P09,860,920,during,zone_b,single_sensor_deviation,"muse,polar",automated_screen,EEG beta increase during a short signal-quality reduction.,probable,Short signal-quality reduction may explain the isolated deviation.,unknown,False,degraded,2.0,33.2,27.9,-30.7,0,0.104,41.1,Context suggests a conventional or single-modality explanation.
EVT_0082,SITE_06_P09_B,SITE_06,P09,1230,1280,during,zone_d,physiological_shift,polar,automated_screen,Brief heart-rate / HRV change detected without persistent EEG or audio convergence.,probable,Participant movement or posture change is a plausible explanation.,unknown,False,good,7.6,-20.4,-1.2,-30.9,1,0.117,41.9,Context suggests a conventional or single-modality explanation.
EVT_0083,SITE_07_P01_A,SITE_07,P01,710,780,during,zone_b,audio_transient,audio,automated_screen,Short audio transient detected without a sustained multi-sensor response.,probable,Distant exterior noise was present but exact source was not visually confirmed.,true,False,good,-1.3,-1.9,4.4,-20.3,3,0.124,36.8,Context suggests a conventional or single-modality explanation.
EVT_0084,SITE_07_P02_A,SITE_07,P02,1250,1310,during,zone_d,multimodal_coincidence,"polar,muse,audio,bodycam",sensor_rule+manual_review,Concurrent physiological and EEG change occurred near an audio transient. Body-camera movement remained low.,unresolved,,false,True,good,11.4,-16.9,13.0,-20.3,4,0.112,39.3,No immediate environmental explanation was documented; compare across independent sessions.
EVT_0085,SITE_07_P03_A,SITE_07,P03,1420,1470,during,zone_d,audio_transient,audio,automated_screen,Short audio transient detected without a sustained multi-sensor response.,probable,Distant exterior noise was present but exact source was not visually confirmed.,unknown,False,good,-2.8,-15.5,-7.3,-26.2,3,0.113,34.8,Context suggests a conventional or single-modality explanation.
EVT_0086,SITE_07_P06_A,SITE_07,P06,380,450,during,zone_a,single_sensor_deviation,muse,automated_screen,Isolated sensor deviation detected without corroboration from other modalities.,probable,Sensor contact adjustment was documented.,unknown,False,degraded,1.9,-13.5,5.8,-32.1,0,0.166,32.8,Context suggests a conventional or single-modality explanation.
EVT_0087,SITE_07_P06_A,SITE_07,P06,840,890,during,zone_b,light_change,bodycam,automated_screen,Brief body-camera light-level change detected.,probable,Exterior light spill or flashlight movement is a plausible source.,true,False,good,-2.4,20.2,3.5,-33.1,0,0.121,38.2,Context suggests a conventional or single-modality explanation.
EVT_0088,SITE_07_P06_A,SITE_07,P06,1180,1250,during,zone_c,audio_transient,audio,automated_screen,Short audio transient detected without a sustained multi-sensor response.,probable,nan,unknown,False,good,-1.3,-7.8,4.7,-26.6,3,0.141,38.4,Context suggests a conventional or single-modality explanation.
EVT_0089,SITE_07_P09_A,SITE_07,P09,400,450,during,zone_a,movement_event,"bodycam,muse_accel",automated_screen,Short movement burst detected in body-camera and accelerometer data.,confirmed,Footstep / investigator handling was visible on body camera.,true,False,good,5.4,-4.9,-0.9,-29.9,0,0.515,38.3,Context suggests a conventional or single-modality explanation.
EVT_0090,SITE_07_P09_A,SITE_07,P09,820,890,during,zone_b,audio_transient,"audio,polar",sensor_rule+field_log,Voice-like fragment heard while the Spirit Box was sweeping; mild physiological response.,unresolved,,unknown,True,good,3.7,-2.1,5.9,-18.5,3,0.079,38.1,Low-context event; retain for comparison.
EVT_0091,SITE_07_P10_A,SITE_07,P10,580,650,during,zone_a,physiological_shift,polar,automated_screen,Brief heart-rate / HRV change detected without persistent EEG or audio convergence.,probable,Participant movement or posture change is a plausible explanation.,unknown,False,good,7.1,-1.8,11.7,-32.6,0,0.209,36.2,Context suggests a conventional or single-modality explanation.
EVT_0092,SITE_08_P02_A,SITE_08,P02,610,660,during,zone_b,physiological_shift,polar,automated_screen,Brief heart-rate / HRV change detected without persistent EEG or audio convergence.,probable,Participant movement or posture change is a plausible explanation.,unknown,False,good,3.5,6.7,-0.3,-32.4,0,0.113,41.6,Context suggests a conventional or single-modality explanation.
EVT_0093,SITE_08_P03_A,SITE_08,P03,360,420,during,zone_a,movement_event,"bodycam,muse_accel",automated_screen,Short movement burst detected in body-camera and accelerometer data.,confirmed,Equipment handling is the most likely source.,true,False,good,2.7,-4.5,1.1,-31.1,2,0.396,40.2,Context suggests a conventional or single-modality explanation.
EVT_0094,SITE_08_P03_A,SITE_08,P03,840,920,during,zone_b,audio_transient,audio,automated_screen,Short audio transient detected without a sustained multi-sensor response.,probable,Distant exterior noise was present but exact source was not visually confirmed.,true,False,good,4.5,14.5,-1.4,-20.8,2,0.168,39.3,Context suggests a conventional or single-modality explanation.
EVT_0095,SITE_08_P03_A,SITE_08,P03,1050,1110,during,zone_c,environmental_or_audio_event,"audio,environment",sensor_rule+field_log,Concurrent sensor change detected during a documented environmental interval.,probable,Sump pump and furnace cycle during the night; occupants upstairs.,true,True,good,1.5,-11.7,1.1,-20.7,2,0.131,47.2,Retain as an explainable comparison case for model evaluation.
EVT_0096,SITE_08_P04_A,SITE_08,P04,1180,1240,during,zone_c,physiological_shift,polar,automated_screen,Brief heart-rate / HRV change detected without persistent EEG or audio convergence.,probable,Participant movement or posture change is a plausible explanation.,unknown,False,good,3.2,-2.8,5.9,-31.5,0,0.111,38.2,Context suggests a conventional or single-modality explanation.
EVT_0097,SITE_08_P05_A,SITE_08,P05,400,470,during,zone_a,movement_event,"bodycam,muse_accel",automated_screen,Short movement burst detected in body-camera and accelerometer data.,confirmed,Equipment handling is the most likely source.,true,False,good,3.8,2.3,-2.0,-33.7,0,0.51,40.9,Context suggests a conventional or single-modality explanation.
EVT_0098,SITE_08_P05_A,SITE_08,P05,1020,1100,during,zone_c,physiological_shift,"polar,muse",sensor_rule+manual_review,Concurrent physiological and EEG change without an audio transient. Body-camera movement remained low.,unresolved,,false,True,good,12.3,-43.1,18.3,-29.8,0,0.079,45.8,No immediate environmental explanation was documented; compare across independent sessions.
EVT_0099,SITE_08_P07_A,SITE_08,P07,1110,1180,during,zone_c,movement_event,"bodycam,muse_accel",automated_screen,Short movement burst detected in body-camera and accelerometer data.,confirmed,Investigator movement was visible on body camera.,true,False,good,1.7,1.6,0.3,-29.8,0,0.355,42.4,Context suggests a conventional or single-modality explanation.
EVT_0100,SITE_08_P08_A,SITE_08,P08,360,440,during,zone_a,physiological_shift,polar,automated_screen,Brief heart-rate / HRV change detected without persistent EEG or audio convergence.,probable,Participant movement or posture change is a plausible explanation.,unknown,False,good,6.6,13.2,5.8,-32.1,0,0.144,38.9,Context suggests a conventional or single-modality explanation.
EVT_0101,SITE_08_P08_A,SITE_08,P08,940,990,during,zone_c,physiological_shift,polar,automated_screen,Brief heart-rate / HRV change detected without persistent EEG or audio convergence.,probable,Participant movement or posture change is a plausible explanation.,unknown,False,good,3.4,-12.5,-3.2,-31.5,0,0.185,42.4,Context suggests a conventional or single-modality explanation.
EVT_0102,SITE_08_P09_A,SITE_08,P09,430,490,during,zone_a,physiological_shift,"polar,muse,bodycam,muse_accel",automated_screen,Concurrent physiological and EEG change occurred near an audio transient.,probable,Movement was visible on body camera during the physiological change.,true,False,good,14.5,-23.4,15.6,-27.3,2,0.336,39.6,Context suggests a conventional or single-modality explanation.
EVT_0103,SITE_08_P09_A,SITE_08,P09,660,720,during,zone_b,physiological_shift,polar,automated_screen,Brief heart-rate / HRV change detected without persistent EEG or audio convergence.,probable,Participant movement or posture change is a plausible explanation.,unknown,False,good,4.9,-5.1,0.6,-28.2,1,0.202,39.2,Context suggests a conventional or single-modality explanation.
EVT_0104,SITE_08_P09_A,SITE_08,P09,830,910,during,zone_b,light_change,bodycam,automated_screen,Brief body-camera light-level change detected.,probable,Exterior light spill or flashlight movement is a plausible source.,true,False,good,1.6,-4.4,5.5,-32.6,0,0.197,39.7,Context suggests a conventional or single-modality explanation.
EVT_0105,SITE_08_P09_A,SITE_08,P09,1270,1350,during,zone_d,movement_event,"bodycam,muse_accel",automated_screen,Short movement burst detected in body-camera and accelerometer data.,confirmed,Footstep / investigator handling was visible on body camera.,true,False,good,5.3,-2.7,8.6,-29.8,1,0.473,36.3,Context suggests a conventional or single-modality explanation.
EVT_0106,SITE_08_P10_A,SITE_08,P10,1090,1130,during,zone_c,protocol_interruption,"field_log,environment",field_log,Session interrupted by a documented protocol deviation.,confirmed,Sump pump and furnace cycle during the night; occupants upstairs.,true,True,good,-1.8,5.4,-1.4,-24.2,2,0.463,51.6,Exclude this session from primary analysis but retain for audit and robustness testing.
EVT_0107,SITE_08_P10_B,SITE_08,P10,1090,1170,during,zone_c,multimodal_coincidence,"polar,muse,audio,environment",sensor_rule+field_log,Concurrent physiological and EEG change occurred near an audio transient during a documented electrical interval.,probable,Sump pump activity was documented during the interval.,true,True,good,11.0,-27.0,9.6,-18.1,5,0.071,52.1,Retain as an explainable comparison case for model evaluation.
EVT_0108,SITE_09_P02_A,SITE_09,P02,440,500,during,zone_a,physiological_shift,"polar,muse,bodycam,muse_accel",automated_screen,Concurrent physiological and EEG change occurred near an audio transient.,probable,Movement was visible on body camera during the physiological change.,true,False,good,7.1,-43.5,8.4,-27.5,3,0.329,43.4,Context suggests a conventional or single-modality explanation.
EVT_0109,SITE_09_P02_A,SITE_09,P02,610,690,during,zone_b,multimodal_coincidence,"polar,muse,audio",sensor_rule+field_log,Concurrent physiological and EEG change occurred near an audio transient. Body-camera movement remained low.,unresolved,,unknown,True,good,7.5,-31.3,5.3,-19.3,2,0.073,45.9,Low-context event; retain for comparison.
EVT_0110,SITE_09_P03_A,SITE_09,P03,460,530,during,zone_a,audio_transient,audio,automated_screen,Short audio transient detected without a sustained multi-sensor response.,probable,Distant exterior noise was present but exact source was not visually confirmed.,unknown,False,good,0.2,20.2,-3.4,-23.1,1,0.129,43.0,Context suggests a conventional or single-modality explanation.
EVT_0111,SITE_09_P03_A,SITE_09,P03,740,810,during,zone_b,movement_event,"bodycam,muse_accel",automated_screen,Short movement burst detected in body-camera and accelerometer data.,confirmed,Footstep / investigator handling was visible on body camera.,true,False,good,1.5,5.9,-5.2,-25.8,2,0.462,40.9,Context suggests a conventional or single-modality explanation.
EVT_0112,SITE_09_P04_A,SITE_09,P04,500,550,during,zone_a,multimodal_coincidence,"polar,muse,audio,environment",sensor_rule+field_log,Concurrent physiological and EEG change occurred near an audio transient during a documented electrical interval.,probable,Adjacent substation activity was documented during the interval.,true,True,good,9.2,-21.4,8.0,-23.3,3,0.089,44.5,Retain as an explainable comparison case for model evaluation.
EVT_0113,SITE_09_P04_A,SITE_09,P04,930,980,during,zone_c,audio_transient,audio,automated_screen,Short audio transient detected without a sustained multi-sensor response.,unresolved,Distant exterior noise was present but exact source was not visually confirmed.,unknown,False,good,-2.7,0.5,2.6,-26.3,2,0.144,44.4,Context suggests a conventional or single-modality explanation.
EVT_0114,SITE_09_P05_A,SITE_09,P05,440,520,during,zone_a,multimodal_coincidence,"polar,muse,audio,bodycam",sensor_rule+manual_review,Concurrent physiological and EEG change occurred near an audio transient. Body-camera movement remained low.,unresolved,,false,True,good,7.1,-24.3,25.8,-20.0,3,0.088,43.1,No immediate environmental explanation was documented; compare across independent sessions.
EVT_0115,SITE_09_P05_A,SITE_09,P05,1370,1430,during,zone_d,multimodal_coincidence,"polar,muse,audio,environment",sensor_rule+field_log,Concurrent physiological and EEG change occurred near an audio transient during a documented electrical interval.,probable,Adjacent substation activity was documented during the interval.,true,True,good,8.3,-6.0,19.9,-14.8,7,0.088,58.2,Retain as an explainable comparison case for model evaluation.
EVT_0116,SITE_09_P06_A,SITE_09,P06,870,940,during,zone_b,environmental_or_audio_event,"audio,environment",sensor_rule+field_log,Concurrent sensor change detected during a documented environmental interval.,probable,Adjacent substation hum is audible throughout the building.,true,True,good,3.9,0.6,3.7,-22.3,2,0.161,50.7,Retain as an explainable comparison case for model evaluation.
EVT_0117,SITE_09_P07_A,SITE_09,P07,1430,1500,during,zone_d,single_sensor_deviation,"muse,polar",automated_screen,EEG beta increase during a short signal-quality reduction.,probable,Short signal-quality reduction may explain the isolated deviation.,unknown,False,degraded,5.8,-7.9,25.9,-31.4,1,0.057,42.5,Context suggests a conventional or single-modality explanation.
EVT_0118,SITE_09_P08_A,SITE_09,P08,680,760,during,zone_b,multimodal_coincidence,"polar,muse,audio,environment",sensor_rule+field_log,Concurrent physiological and EEG change occurred near an audio transient during a documented electrical interval.,probable,Adjacent substation activity was documented during the interval.,true,True,good,10.4,-31.9,20.2,-18.7,6,0.089,52.5,Retain as an explainable comparison case for model evaluation.
EVT_0119,SITE_09_P08_A,SITE_09,P08,1250,1310,during,zone_d,audio_transient,audio,automated_screen,Short audio transient detected without a sustained multi-sensor response.,probable,Distant exterior noise was present but exact source was not visually confirmed.,unknown,False,good,0.8,20.2,-6.3,-24.0,3,0.131,40.2,Context suggests a conventional or single-modality explanation.
EVT_0120,SITE_09_P09_A,SITE_09,P09,1150,1230,during,zone_c,multimodal_coincidence,"polar,muse,audio,environment",sensor_rule+field_log,Concurrent physiological and EEG change occurred near an audio transient during a documented electrical interval.,probable,Adjacent substation activity was documented during the interval.,true,True,good,11.8,-29.6,21.2,-20.4,7,0.11,54.0,Retain as an explainable comparison case for model evaluation.
EVT_0121,SITE_10_P01_A,SITE_10,P01,980,1040,during,zone_c,physiological_shift,"polar,muse,bodycam,muse_accel",automated_screen,Concurrent physiological and EEG change occurred near an audio transient.,probable,Movement was visible on body camera during the physiological change.,true,False,good,11.6,-34.8,22.2,-19.7,4,0.342,32.7,Context suggests a conventional or single-modality explanation.
EVT_0122,SITE_10_P02_A,SITE_10,P02,430,500,during,zone_a,physiological_shift,"polar,muse",sensor_rule+manual_review,Concurrent physiological and EEG change without an audio transient. Body-camera movement remained low.,unresolved,,false,True,good,14.3,-40.3,15.3,-33.8,0,0.079,32.6,No immediate environmental explanation was documented; compare across independent sessions.
EVT_0123,SITE_10_P02_A,SITE_10,P02,580,630,during,zone_a,audio_transient,"audio,polar",sensor_rule+field_log,Voice-like fragment heard while the Spirit Box was sweeping; mild physiological response.,unresolved,,unknown,True,good,8.3,-13.3,-1.1,-20.0,6,0.124,28.1,Low-context event; retain for comparison.
EVT_0124,SITE_10_P03_A,SITE_10,P03,430,470,during,zone_a,protocol_interruption,"field_log,environment",field_log,Session interrupted by a documented protocol deviation.,confirmed,Long tunnel with wind echo; no infrastructure on site.,true,True,good,5.4,-0.3,-8.5,-29.6,2,0.399,38.7,Exclude this session from primary analysis but retain for audit and robustness testing.
EVT_0125,SITE_10_P03_B,SITE_10,P03,770,840,during,zone_b,physiological_shift,polar,automated_screen,Brief heart-rate / HRV change detected without persistent EEG or audio convergence.,probable,Participant movement or posture change is a plausible explanation.,unknown,False,good,5.4,-10.8,11.4,-36.5,0,0.141,29.2,Context suggests a conventional or single-modality explanation.
EVT_0126,SITE_10_P05_A,SITE_10,P05,380,440,during,zone_a,physiological_shift,polar,automated_screen,Brief heart-rate / HRV change detected without persistent EEG or audio convergence.,probable,Participant movement or posture change is a plausible explanation.,unknown,False,good,6.6,-6.3,4.2,-36.4,0,0.122,28.6,Context suggests a conventional or single-modality explanation.
EVT_0127,SITE_10_P06_A,SITE_10,P06,1270,1340,during,zone_d,multimodal_coincidence,"polar,muse,audio",sensor_rule+field_log,Concurrent physiological and EEG change occurred near an audio transient. Body-camera movement remained low.,unresolved,,unknown,True,good,4.0,-10.6,14.2,-25.6,3,0.091,29.9,Low-context event; retain for comparison.
EVT_0128,SITE_10_P07_A,SITE_10,P07,570,630,during,zone_a,audio_transient,audio,automated_screen,Short audio transient detected without a sustained multi-sensor response.,probable,nan,true,False,good,2.7,-6.1,8.0,-24.1,3,0.26,31.7,Context suggests a conventional or single-modality explanation.
EVT_0129,SITE_10_P08_A,SITE_10,P08,500,580,during,zone_a,audio_transient,audio,automated_screen,Short audio transient detected without a sustained multi-sensor response.,probable,Distant exterior noise was present but exact source was not visually confirmed.,true,False,good,1.0,8.8,-1.5,-25.3,4,0.133,29.0,Context suggests a conventional or single-modality explanation.
EVT_0130,SITE_10_P08_A,SITE_10,P08,930,1000,during,zone_c,audio_transient,audio,automated_screen,Short audio transient detected without a sustained multi-sensor response.,probable,Distant exterior noise was present but exact source was not visually confirmed.,true,False,good,-2.2,43.7,-0.6,-28.7,3,0.15,28.3,Context suggests a conventional or single-modality explanation.
EVT_0131,SITE_10_P08_A,SITE_10,P08,1200,1280,during,zone_d,audio_transient,audio,automated_screen,Short audio transient detected without a sustained multi-sensor response.,probable,nan,unknown,False,good,-0.9,6.7,0.7,-22.3,2,0.115,29.2,Context suggests a conventional or single-modality explanation.
EVT_0132,SITE_10_P10_A,SITE_10,P10,450,510,during,zone_a,environmental_or_audio_event,"audio,environment",sensor_rule+field_log,Concurrent sensor change detected during a documented environmental interval.,probable,Long tunnel with wind echo; no infrastructure on site.,true,True,good,3.1,-7.2,1.1,-28.3,1,0.227,35.7,Retain as an explainable comparison case for model evaluation.
EVT_0133,SITE_10_P10_A,SITE_10,P10,940,1020,during,zone_c,multimodal_coincidence,"polar,muse,audio,bodycam",sensor_rule+manual_review,Concurrent physiological and EEG change occurred near an audio transient. Body-camera movement remained low.,unresolved,,unknown,True,good,6.4,-23.0,6.5,-25.7,1,0.083,30.0,Low-context event; retain for comparison.
EVT_0134,SITE_11_P01_A,SITE_11,P01,460,520,during,zone_a,audio_transient,audio,automated_screen,Short audio transient detected without a sustained multi-sensor response.,probable,Distant exterior noise was present but exact source was not visually confirmed.,true,False,good,1.9,18.7,-6.7,-25.2,2,0.185,34.3,Context suggests a conventional or single-modality explanation.
EVT_0135,SITE_11_P01_A,SITE_11,P01,1050,1120,during,zone_c,multimodal_coincidence,"polar,muse,audio,bodycam",sensor_rule+manual_review,Concurrent physiological and EEG change occurred near an audio transient. Body-camera movement remained low.,unresolved,,false,True,good,15.6,-43.1,16.2,-26.0,4,0.1,34.9,No immediate environmental explanation was documented; compare across independent sessions.
EVT_0136,SITE_11_P01_A,SITE_11,P01,1260,1320,during,zone_d,single_sensor_deviation,muse,automated_screen,Isolated sensor deviation detected without corroboration from other modalities.,probable,Sensor contact adjustment was documented.,unknown,False,degraded,1.7,3.5,7.7,-32.9,1,0.144,32.2,Context suggests a conventional or single-modality explanation.
EVT_0137,SITE_11_P03_A,SITE_11,P03,1410,1490,during,zone_d,movement_event,"bodycam,muse_accel",automated_screen,Short movement burst detected in body-camera and accelerometer data.,confirmed,Equipment handling is the most likely source.,true,False,good,4.6,16.4,-0.2,-31.5,1,0.512,32.9,Context suggests a conventional or single-modality explanation.
EVT_0138,SITE_11_P04_A,SITE_11,P04,450,500,during,zone_a,physiological_shift,polar,automated_screen,Brief heart-rate / HRV change detected without persistent EEG or audio convergence.,probable,Participant movement or posture change is a plausible explanation.,unknown,False,good,6.0,-3.3,2.2,-31.4,1,0.106,34.8,Context suggests a conventional or single-modality explanation.
EVT_0139,SITE_11_P05_A,SITE_11,P05,430,490,during,zone_a,audio_transient,"audio,polar",sensor_rule+field_log,Voice-like fragment heard while the Spirit Box was sweeping; mild physiological response.,unresolved,,unknown,True,good,0.9,-32.6,-0.8,-24.4,3,0.089,33.2,Low-context event; retain for comparison.
EVT_0140,SITE_11_P06_A,SITE_11,P06,1170,1220,during,zone_c,physiological_shift,"polar,muse,bodycam,muse_accel",automated_screen,Concurrent physiological and EEG change occurred near an audio transient.,probable,Movement was visible on body camera during the physiological change.,true,False,good,6.4,-21.8,12.5,-28.9,3,0.362,37.2,Context suggests a conventional or single-modality explanation.
EVT_0141,SITE_11_P08_A,SITE_11,P08,480,540,during,zone_a,audio_transient,audio,automated_screen,Short audio transient detected without a sustained multi-sensor response.,unresolved,nan,true,False,good,1.4,-2.5,-3.6,-28.1,1,0.283,35.6,Context suggests a conventional or single-modality explanation.
EVT_0142,SITE_11_P08_A,SITE_11,P08,1070,1130,during,zone_c,multimodal_coincidence,"polar,muse,audio",sensor_rule+field_log,Concurrent physiological and EEG change occurred near an audio transient. Body-camera movement remained low.,unresolved,,unknown,True,good,2.9,-30.2,14.6,-25.6,1,0.103,38.5,Low-context event; retain for comparison.
EVT_0143,SITE_12_P02_A,SITE_12,P02,780,840,during,zone_b,movement_event,"bodycam,muse_accel",automated_screen,Short movement burst detected in body-camera and accelerometer data.,confirmed,Footstep / investigator handling was visible on body camera.,true,False,good,7.5,-13.4,-2.9,-29.3,2,0.427,42.3,Context suggests a conventional or single-modality explanation.
EVT_0144,SITE_12_P03_A,SITE_12,P03,1310,1360,during,zone_d,single_sensor_deviation,"muse,polar",automated_screen,EEG beta increase during a short signal-quality reduction.,probable,Short signal-quality reduction may explain the isolated deviation.,unknown,False,degraded,9.3,-57.2,29.1,-28.0,1,0.06,40.6,Context suggests a conventional or single-modality explanation.
EVT_0145,SITE_12_P04_A,SITE_12,P04,490,570,during,zone_a,multimodal_coincidence,"polar,muse,audio,bodycam",sensor_rule+manual_review,Concurrent physiological and EEG change occurred near an audio transient. Body-camera movement remained low.,unresolved,,false,True,good,15.8,-44.6,11.2,-18.9,4,0.049,44.7,No immediate environmental explanation was documented; compare across independent sessions.
EVT_0146,SITE_12_P04_A,SITE_12,P04,720,780,during,zone_b,multimodal_coincidence,"polar,muse,audio,bodycam",sensor_rule+manual_review,Concurrent physiological and EEG change occurred near an audio transient. Body-camera movement remained low.,unresolved,,unknown,True,good,6.6,-15.9,4.6,-23.8,3,0.1,39.6,Low-context event; retain for comparison.
EVT_0147,SITE_12_P04_A,SITE_12,P04,1240,1320,during,zone_d,single_sensor_deviation,muse,automated_screen,Isolated sensor deviation detected without corroboration from other modalities.,probable,Sensor contact adjustment was documented.,unknown,False,degraded,-3.3,-8.4,5.7,-30.3,0,0.132,39.1,Context suggests a conventional or single-modality explanation.
EVT_0148,SITE_12_P06_A,SITE_12,P06,420,490,during,zone_a,movement_event,"bodycam,muse_accel",automated_screen,Short movement burst detected in body-camera and accelerometer data.,confirmed,Investigator movement was visible on body camera.,true,False,good,2.2,-9.4,3.1,-26.2,2,0.445,45.3,Context suggests a conventional or single-modality explanation.
EVT_0149,SITE_12_P06_A,SITE_12,P06,1050,1110,during,zone_c,physiological_shift,"polar,muse",sensor_rule+manual_review,Concurrent physiological and EEG change without an audio transient. Body-camera movement remained low.,unresolved,,false,True,good,12.0,-32.2,18.0,-29.6,0,0.065,44.6,No immediate environmental explanation was documented; compare across independent sessions.
EVT_0150,SITE_12_P06_A,SITE_12,P06,1240,1310,during,zone_d,physiological_shift,"polar,muse,bodycam,muse_accel",automated_screen,Concurrent physiological and EEG change occurred near an audio transient.,probable,Movement was visible on body camera during the physiological change.,true,False,good,6.8,-23.6,5.5,-21.0,3,0.403,43.5,Context suggests a conventional or single-modality explanation.
EVT_0151,SITE_12_P07_A,SITE_12,P07,440,510,during,zone_a,physiological_shift,"polar,muse,bodycam,muse_accel",automated_screen,Concurrent physiological and EEG change occurred near an audio transient.,probable,Movement was visible on body camera during the physiological change.,true,False,good,10.4,-24.5,11.0,-20.3,5,0.339,46.8,Context suggests a conventional or single-modality explanation.
EVT_0152,SITE_12_P07_A,SITE_12,P07,1360,1440,during,zone_d,physiological_shift,polar,automated_screen,Brief heart-rate / HRV change detected without persistent EEG or audio convergence.,probable,Participant movement or posture change is a plausible explanation.,unknown,False,good,4.1,-0.6,3.8,-32.1,0,0.127,39.5,Context suggests a conventional or single-modality explanation.
EVT_0153,SITE_12_P08_A,SITE_12,P08,970,1010,during,zone_c,protocol_interruption,"field_log,environment",field_log,Session interrupted by a documented protocol deviation.,confirmed,Security system and display power remain active at night.,true,True,good,1.0,-2.3,-7.7,-25.9,2,0.464,51.7,Exclude this session from primary analysis but retain for audit and robustness testing.
EVT_0154,SITE_12_P09_A,SITE_12,P09,1150,1190,during,zone_c,protocol_interruption,"field_log,environment",field_log,Session interrupted by a documented protocol deviation.,confirmed,Security system and display power remain active at night.,true,True,good,-1.5,22.8,4.1,-24.9,2,0.435,50.2,Exclude this session from primary analysis but retain for audit and robustness testing.
EVT_0155,SITE_13_P01_A,SITE_13,P01,460,530,during,zone_a,physiological_shift,"polar,muse,bodycam,muse_accel",automated_screen,Concurrent physiological and EEG change occurred near an audio transient.,probable,Movement was visible on body camera during the physiological change.,true,False,good,12.5,-46.8,3.4,-22.7,3,0.431,38.5,Context suggests a conventional or single-modality explanation.
EVT_0156,SITE_13_P01_A,SITE_13,P01,590,660,during,zone_a,single_sensor_deviation,muse,automated_screen,Isolated sensor deviation detected without corroboration from other modalities.,probable,Sensor contact adjustment was documented.,unknown,False,degraded,0.1,15.1,17.3,-26.4,0,0.127,39.7,Context suggests a conventional or single-modality explanation.
EVT_0157,SITE_13_P01_A,SITE_13,P01,800,870,during,zone_b,physiological_shift,polar,automated_screen,Brief heart-rate / HRV change detected without persistent EEG or audio convergence.,probable,Participant movement or posture change is a plausible explanation.,unknown,False,good,9.2,-9.5,8.5,-31.0,1,0.158,34.2,Context suggests a conventional or single-modality explanation.
EVT_0158,SITE_13_P01_A,SITE_13,P01,990,1050,during,zone_c,multimodal_coincidence,"polar,muse,audio",sensor_rule+field_log,Concurrent physiological and EEG change occurred near an audio transient. Body-camera movement remained low.,unresolved,,unknown,True,good,1.7,-19.5,12.2,-29.5,2,0.132,32.9,Low-context event; retain for comparison.
EVT_0159,SITE_13_P01_A,SITE_13,P01,1300,1380,during,zone_d,light_change,bodycam,automated_screen,Brief body-camera light-level change detected.,probable,Flashlight movement was visible on body camera.,true,False,good,-0.5,-16.1,5.0,-30.1,0,0.209,39.2,Context suggests a conventional or single-modality explanation.
EVT_0160,SITE_13_P02_A,SITE_13,P02,1120,1200,during,zone_c,audio_transient,"audio,polar",sensor_rule+field_log,Voice-like fragment heard while the Spirit Box was sweeping; mild physiological response.,unresolved,,unknown,True,good,1.4,39.9,7.1,-16.8,5,0.087,41.1,Low-context event; retain for comparison.
EVT_0161,SITE_13_P02_A,SITE_13,P02,1410,1470,during,zone_d,physiological_shift,polar,automated_screen,Brief heart-rate / HRV change detected without persistent EEG or audio convergence.,probable,Participant movement or posture change is a plausible explanation.,unknown,False,good,8.5,-8.1,-2.0,-31.5,0,0.111,38.6,Context suggests a conventional or single-modality explanation.
EVT_0162,SITE_13_P03_A,SITE_13,P03,970,1020,during,zone_c,single_sensor_deviation,muse,automated_screen,Isolated sensor deviation detected without corroboration from other modalities.,probable,Sensor contact adjustment was documented.,unknown,False,degraded,-1.2,-8.8,11.7,-33.5,0,0.181,38.4,Context suggests a conventional or single-modality explanation.
EVT_0163,SITE_13_P06_A,SITE_13,P06,360,420,during,zone_a,audio_transient,audio,automated_screen,Short audio transient detected without a sustained multi-sensor response.,probable,Distant exterior noise was present but exact source was not visually confirmed.,unknown,False,good,-2.3,-6.7,6.2,-29.0,1,0.155,37.7,Context suggests a conventional or single-modality explanation.
EVT_0164,SITE_13_P06_A,SITE_13,P06,740,810,during,zone_b,environmental_or_audio_event,"audio,environment",sensor_rule+field_log,Concurrent sensor change detected during a documented environmental interval.,probable,Old wiring and street transformer documented; water heater cycles.,true,True,good,-3.3,7.7,-4.1,-22.6,2,0.123,46.6,Retain as an explainable comparison case for model evaluation.
EVT_0165,SITE_13_P06_A,SITE_13,P06,1060,1110,during,zone_c,single_sensor_deviation,muse,automated_screen,Isolated sensor deviation detected without corroboration from other modalities.,probable,Sensor contact adjustment was documented.,unknown,False,acceptable,-0.7,-21.3,9.5,-31.9,0,0.167,41.0,Context suggests a conventional or single-modality explanation.
EVT_0166,SITE_13_P07_A,SITE_13,P07,920,980,during,zone_c,physiological_shift,polar,automated_screen,Brief heart-rate / HRV change detected without persistent EEG or audio convergence.,probable,Participant movement or posture change is a plausible explanation.,unknown,False,good,6.6,-3.0,-11.6,-31.6,0,0.2,39.9,Context suggests a conventional or single-modality explanation.
EVT_0167,SITE_13_P07_A,SITE_13,P07,1280,1330,during,zone_d,audio_transient,audio,automated_screen,Short audio transient detected without a sustained multi-sensor response.,probable,nan,true,False,good,2.6,-18.8,-2.0,-27.3,2,0.153,41.2,Context suggests a conventional or single-modality explanation.
EVT_0168,SITE_13_P08_A,SITE_13,P08,1310,1380,during,zone_d,physiological_shift,polar,automated_screen,Brief heart-rate / HRV change detected without persistent EEG or audio convergence.,probable,Participant movement or posture change is a plausible explanation.,unknown,False,good,4.5,-10.0,-3.7,-31.0,0,0.153,39.8,Context suggests a conventional or single-modality explanation.
EVT_0169,SITE_13_P09_A,SITE_13,P09,1090,1130,during,zone_c,protocol_interruption,"field_log,environment",field_log,Session interrupted by a documented protocol deviation.,confirmed,Old wiring and street transformer documented; water heater cycles.,true,True,good,-1.4,-2.0,2.3,-27.4,2,0.358,40.3,Exclude this session from primary analysis but retain for audit and robustness testing.
EVT_0170,SITE_13_P09_B,SITE_13,P09,500,560,during,zone_a,light_change,bodycam,automated_screen,Brief body-camera light-level change detected.,probable,Flashlight movement was visible on body camera.,true,False,good,4.4,-2.7,1.9,-30.2,0,0.153,36.5,Context suggests a conventional or single-modality explanation.
EVT_0171,SITE_13_P09_B,SITE_13,P09,1350,1430,during,zone_d,movement_event,"bodycam,muse_accel",automated_screen,Short movement burst detected in body-camera and accelerometer data.,confirmed,Investigator movement was visible on body camera.,true,False,good,5.3,3.6,-2.4,-30.4,2,0.498,40.6,Context suggests a conventional or single-modality explanation.
EVT_0172,SITE_13_P10_A,SITE_13,P10,340,400,during,zone_a,multimodal_coincidence,"polar,muse,audio,environment",sensor_rule+field_log,Concurrent physiological and EEG change occurred near an audio transient during a documented electrical interval.,probable,Old wiring activity was documented during the interval.,true,True,good,10.1,-32.9,7.5,-25.0,2,0.112,50.5,Retain as an explainable comparison case for model evaluation.
EVT_0173,SITE_13_P10_A,SITE_13,P10,500,580,during,zone_a,environmental_or_audio_event,"audio,environment",sensor_rule+field_log,Concurrent sensor change detected during a documented environmental interval.,probable,Old wiring and street transformer documented; water heater cycles.,true,True,good,6.1,-13.9,10.1,-27.5,2,0.275,42.9,Retain as an explainable comparison case for model evaluation.
EVT_0174,SITE_13_P10_A,SITE_13,P10,700,770,during,zone_b,physiological_shift,polar,automated_screen,Brief heart-rate / HRV change detected without persistent EEG or audio convergence.,probable,Participant movement or posture change is a plausible explanation.,unknown,False,good,3.4,-11.4,0.5,-31.5,1,0.132,36.8,Context suggests a conventional or single-modality explanation.
EVT_0175,SITE_14_P01_A,SITE_14,P01,330,410,during,zone_a,multimodal_coincidence,"polar,muse,audio,bodycam",sensor_rule+manual_review,Concurrent physiological and EEG change occurred near an audio transient. Body-camera movement remained low.,unresolved,,false,True,good,12.1,-34.7,29.7,-27.8,4,0.08,28.6,No immediate environmental explanation was documented; compare across independent sessions.
EVT_0176,SITE_14_P01_A,SITE_14,P01,580,660,during,zone_a,light_change,bodycam,automated_screen,Brief body-camera light-level change detected.,probable,Exterior light spill or flashlight movement is a plausible source.,true,False,good,-3.2,-2.4,0.6,-33.6,0,0.134,28.6,Context suggests a conventional or single-modality explanation.
EVT_0177,SITE_14_P01_A,SITE_14,P01,850,920,during,zone_b,audio_transient,audio,automated_screen,Short audio transient detected without a sustained multi-sensor response.,unresolved,Distant exterior noise was present but exact source was not visually confirmed.,unknown,False,good,4.5,1.6,8.5,-25.5,3,0.148,27.5,Context suggests a conventional or single-modality explanation.
EVT_0178,SITE_14_P01_A,SITE_14,P01,1140,1200,during,zone_c,physiological_shift,"polar,muse",sensor_rule+manual_review,Concurrent physiological and EEG change without an audio transient. Body-camera movement remained low.,unresolved,,false,True,good,11.8,0.4,19.9,-35.7,0,0.071,33.0,No immediate environmental explanation was documented; compare across independent sessions.
EVT_0179,SITE_14_P01_A,SITE_14,P01,1280,1340,during,zone_d,physiological_shift,polar,automated_screen,Brief heart-rate / HRV change detected without persistent EEG or audio convergence.,probable,Participant movement or posture change is a plausible explanation.,unknown,False,good,1.2,-6.4,-6.6,-33.6,0,0.074,33.9,Context suggests a conventional or single-modality explanation.
EVT_0180,SITE_14_P02_A,SITE_14,P02,490,580,during,zone_a,multimodal_coincidence,"polar,muse,audio,bodycam",sensor_rule+manual_review,Concurrent physiological and EEG change occurred near an audio transient. Body-camera movement remained low.,unresolved,,unknown,True,good,2.8,-23.5,14.8,-27.3,1,0.074,28.2,Low-context event; retain for comparison.
EVT_0181,SITE_14_P03_A,SITE_14,P03,530,590,during,zone_a,multimodal_coincidence,"polar,muse,audio,bodycam",sensor_rule+manual_review,Concurrent physiological and EEG change occurred near an audio transient. Body-camera movement remained low.,unresolved,,false,True,good,8.5,-53.2,30.2,-20.7,2,0.073,31.0,No immediate environmental explanation was documented; compare across independent sessions.
EVT_0182,SITE_14_P04_A,SITE_14,P04,600,650,during,zone_b,light_change,bodycam,automated_screen,Brief body-camera light-level change detected.,probable,Exterior light spill or flashlight movement is a plausible source.,true,False,good,3.9,-10.5,-3.9,-36.7,0,0.234,29.9,Context suggests a conventional or single-modality explanation.
EVT_0183,SITE_14_P05_A,SITE_14,P05,690,770,during,zone_b,multimodal_coincidence,"polar,muse,audio",sensor_rule+field_log,Concurrent physiological and EEG change occurred near an audio transient. Body-camera movement remained low.,unresolved,,unknown,True,good,-3.1,-10.4,9.3,-26.8,2,0.115,27.6,Low-context event; retain for comparison.
EVT_0184,SITE_14_P05_A,SITE_14,P05,860,940,during,zone_b,physiological_shift,polar,automated_screen,Brief heart-rate / HRV change detected without persistent EEG or audio convergence.,probable,Participant movement or posture change is a plausible explanation.,unknown,False,good,3.0,-25.7,-1.6,-33.1,0,0.212,36.0,Context suggests a conventional or single-modality explanation.
EVT_0185,SITE_14_P05_A,SITE_14,P05,1110,1180,during,zone_c,audio_transient,"audio,polar",sensor_rule+field_log,Voice-like fragment heard while the Spirit Box was sweeping; mild physiological response.,unresolved,,unknown,True,good,2.6,-14.1,1.4,-26.7,2,0.077,28.6,Low-context event; retain for comparison.
EVT_0186,SITE_14_P06_A,SITE_14,P06,580,630,during,zone_a,movement_event,"bodycam,muse_accel",automated_screen,Short movement burst detected in body-camera and accelerometer data.,confirmed,Equipment handling is the most likely source.,true,False,good,0.7,-8.3,3.0,-22.9,2,0.503,36.7,Context suggests a conventional or single-modality explanation.
EVT_0187,SITE_14_P06_A,SITE_14,P06,800,870,during,zone_b,multimodal_coincidence,"polar,muse,audio,bodycam",sensor_rule+manual_review,Concurrent physiological and EEG change occurred near an audio transient. Body-camera movement remained low.,unresolved,,false,True,good,11.4,-42.8,25.4,-24.1,2,0.12,29.3,No immediate environmental explanation was documented; compare across independent sessions.
EVT_0188,SITE_14_P06_A,SITE_14,P06,1070,1130,during,zone_c,multimodal_coincidence,"polar,muse,audio",sensor_rule+field_log,Concurrent physiological and EEG change occurred near an audio transient. Body-camera movement remained low.,unresolved,,unknown,True,good,6.4,-21.7,3.2,-19.8,2,0.109,31.7,Low-context event; retain for comparison.
EVT_0189,SITE_14_P06_A,SITE_14,P06,1280,1350,during,zone_d,audio_transient,audio,automated_screen,Short audio transient detected without a sustained multi-sensor response.,probable,Distant exterior noise was present but exact source was not visually confirmed.,unknown,False,good,1.3,-5.6,2.5,-23.9,2,0.129,33.0,Context suggests a conventional or single-modality explanation.
EVT_0190,SITE_14_P07_A,SITE_14,P07,480,550,during,zone_a,movement_event,"bodycam,muse_accel",automated_screen,Short movement burst detected in body-camera and accelerometer data.,confirmed,Investigator movement was visible on body camera.,true,False,good,-2.1,0.9,-4.5,-29.4,1,0.451,30.3,Context suggests a conventional or single-modality explanation.
EVT_0191,SITE_14_P07_A,SITE_14,P07,670,750,during,zone_b,multimodal_coincidence,"polar,muse,audio,bodycam",sensor_rule+manual_review,Concurrent physiological and EEG change occurred near an audio transient. Body-camera movement remained low.,unresolved,,false,True,good,10.4,-46.9,10.4,-16.9,5,0.101,33.5,No immediate environmental explanation was documented; compare across independent sessions.
EVT_0192,SITE_14_P07_A,SITE_14,P07,1160,1220,during,zone_c,audio_transient,audio,automated_screen,Short audio transient detected without a sustained multi-sensor response.,unresolved,Distant exterior noise was present but exact source was not visually confirmed.,true,False,good,-1.1,21.2,0.2,-22.0,3,0.171,31.2,Context suggests a conventional or single-modality explanation.
EVT_0193,SITE_14_P08_A,SITE_14,P08,730,790,during,zone_b,physiological_shift,polar,automated_screen,Brief heart-rate / HRV change detected without persistent EEG or audio convergence.,probable,Participant movement or posture change is a plausible explanation.,unknown,False,good,2.3,-2.4,-3.8,-32.3,2,0.121,28.7,Context suggests a conventional or single-modality explanation.
EVT_0194,SITE_14_P08_A,SITE_14,P08,1100,1160,during,zone_c,multimodal_coincidence,"polar,muse,audio,bodycam",sensor_rule+manual_review,Concurrent physiological and EEG change occurred near an audio transient. Body-camera movement remained low.,unresolved,,false,True,good,11.6,-38.3,21.2,-22.7,4,0.1,32.5,No immediate environmental explanation was documented; compare across independent sessions.
EVT_0195,SITE_14_P08_A,SITE_14,P08,1400,1470,during,zone_d,physiological_shift,"polar,muse,bodycam,muse_accel",automated_screen,Concurrent physiological and EEG change occurred near an audio transient.,probable,Movement was visible on body camera during the physiological change.,true,False,good,11.4,-9.3,14.1,-23.2,1,0.307,34.5,Context suggests a conventional or single-modality explanation.
EVT_0196,SITE_14_P09_A,SITE_14,P09,560,610,during,zone_a,movement_event,"bodycam,muse_accel",automated_screen,Short movement burst detected in body-camera and accelerometer data.,confirmed,Equipment handling is the most likely source.,true,False,good,4.3,-2.8,0.2,-27.9,1,0.373,35.9,Context suggests a conventional or single-modality explanation.
EVT_0197,SITE_14_P09_A,SITE_14,P09,1070,1150,during,zone_c,movement_event,"bodycam,muse_accel",automated_screen,Short movement burst detected in body-camera and accelerometer data.,confirmed,Investigator movement was visible on body camera.,true,False,good,4.9,-8.5,-0.3,-33.7,1,0.384,29.8,Context suggests a conventional or single-modality explanation.
EVT_0198,SITE_14_P09_A,SITE_14,P09,1320,1380,during,zone_d,physiological_shift,"polar,muse,bodycam,muse_accel",automated_screen,Concurrent physiological and EEG change occurred near an audio transient.,probable,Movement was visible on body camera during the physiological change.,true,False,good,6.2,-19.5,15.5,-25.6,3,0.387,31.1,Context suggests a conventional or single-modality explanation.
EVT_0199,SITE_14_P10_A,SITE_14,P10,1070,1150,during,zone_c,multimodal_coincidence,"polar,muse,audio,bodycam",sensor_rule+manual_review,Concurrent physiological and EEG change occurred near an audio transient. Body-camera movement remained low.,unresolved,,false,True,good,9.1,-53.3,12.0,-26.5,1,0.082,32.5,No immediate environmental explanation was documented; compare across independent sessions.
EVT_0200,SITE_15_P01_A,SITE_15,P01,1050,1130,during,zone_c,physiological_shift,polar,automated_screen,Brief heart-rate / HRV change detected without persistent EEG or audio convergence.,probable,Participant movement or posture change is a plausible explanation.,unknown,False,good,3.7,-17.9,-7.1,-33.9,0,0.225,30.5,Context suggests a conventional or single-modality explanation.
EVT_0201,SITE_15_P01_A,SITE_15,P01,1360,1440,during,zone_d,movement_event,"bodycam,muse_accel",automated_screen,Short movement burst detected in body-camera and accelerometer data.,confirmed,Equipment handling is the most likely source.,true,False,good,2.0,-13.0,-9.9,-30.1,2,0.538,26.3,Context suggests a conventional or single-modality explanation.
EVT_0202,SITE_15_P03_A,SITE_15,P03,380,440,during,zone_a,physiological_shift,"polar,muse",sensor_rule+manual_review,Concurrent physiological and EEG change without an audio transient. Body-camera movement remained low.,unresolved,,false,True,good,16.9,-33.0,18.4,-33.7,0,0.093,29.6,No immediate environmental explanation was documented; compare across independent sessions.
EVT_0203,SITE_15_P03_A,SITE_15,P03,1230,1310,during,zone_d,multimodal_coincidence,"polar,muse,audio,bodycam",sensor_rule+manual_review,Concurrent physiological and EEG change occurred near an audio transient. Body-camera movement remained low.,unresolved,,unknown,True,good,5.0,7.4,6.3,-25.0,2,0.101,31.3,Low-context event; retain for comparison.
EVT_0204,SITE_15_P04_A,SITE_15,P04,850,890,during,zone_b,protocol_interruption,"field_log,environment",field_log,Session interrupted by a documented protocol deviation.,confirmed,No infrastructure on site; open ruins exposed to wind.,true,True,good,-1.2,11.9,-2.8,-25.6,2,0.437,39.5,Exclude this session from primary analysis but retain for audit and robustness testing.
EVT_0205,SITE_15_P04_B,SITE_15,P04,380,430,during,zone_a,environmental_or_audio_event,"audio,environment",sensor_rule+field_log,Concurrent sensor change detected during a documented environmental interval.,probable,No infrastructure on site; open ruins exposed to wind.,true,True,good,1.5,-4.3,-3.2,-29.4,2,0.125,35.6,Retain as an explainable comparison case for model evaluation.
EVT_0206,SITE_15_P04_B,SITE_15,P04,1140,1210,during,zone_c,single_sensor_deviation,"muse,polar",automated_screen,EEG beta increase during a short signal-quality reduction.,probable,Short signal-quality reduction may explain the isolated deviation.,unknown,False,degraded,4.4,-0.3,9.3,-29.9,1,0.092,33.1,Context suggests a conventional or single-modality explanation.
EVT_0207,SITE_15_P05_A,SITE_15,P05,530,580,during,zone_a,light_change,bodycam,automated_screen,Brief body-camera light-level change detected.,probable,Exterior light spill or flashlight movement is a plausible source.,true,False,good,5.7,15.2,0.4,-33.6,0,0.146,27.0,Context suggests a conventional or single-modality explanation.
EVT_0208,SITE_15_P05_A,SITE_15,P05,880,950,during,zone_b,multimodal_coincidence,"polar,muse,audio,bodycam",sensor_rule+manual_review,Concurrent physiological and EEG change occurred near an audio transient. Body-camera movement remained low.,unresolved,,false,True,good,13.7,-25.8,17.7,-21.7,2,0.074,29.7,No immediate environmental explanation was documented; compare across independent sessions.
EVT_0209,SITE_15_P05_A,SITE_15,P05,1100,1160,during,zone_c,multimodal_coincidence,"polar,muse,audio,bodycam",sensor_rule+manual_review,Concurrent physiological and EEG change occurred near an audio transient. Body-camera movement remained low.,unresolved,,false,True,good,15.1,-40.5,21.3,-26.8,4,0.068,27.4,No immediate environmental explanation was documented; compare across independent sessions.
EVT_0210,SITE_15_P05_A,SITE_15,P05,1300,1350,during,zone_d,multimodal_coincidence,"polar,muse,audio,bodycam",sensor_rule+manual_review,Concurrent physiological and EEG change occurred near an audio transient. Body-camera movement remained low.,unresolved,,false,True,good,15.6,-56.3,12.1,-28.4,1,0.102,27.0,No immediate environmental explanation was documented; compare across independent sessions.
EVT_0211,SITE_15_P06_A,SITE_15,P06,830,890,during,zone_b,single_sensor_deviation,muse,automated_screen,Isolated sensor deviation detected without corroboration from other modalities.,probable,Sensor contact adjustment was documented.,unknown,False,degraded,-5.1,7.9,5.9,-35.7,0,0.131,29.5,Context suggests a conventional or single-modality explanation.
EVT_0212,SITE_15_P07_A,SITE_15,P07,770,840,during,zone_b,light_change,bodycam,automated_screen,Brief body-camera light-level change detected.,probable,Flashlight movement was visible on body camera.,true,False,good,2.5,0.4,-2.4,-35.2,0,0.157,31.9,Context suggests a conventional or single-modality explanation.
EVT_0213,SITE_15_P07_A,SITE_15,P07,1120,1190,during,zone_c,audio_transient,"audio,polar",sensor_rule+field_log,Voice-like fragment heard while the Spirit Box was sweeping; mild physiological response.,unresolved,,unknown,True,good,2.3,2.8,-5.2,-22.2,4,0.106,30.1,Low-context event; retain for comparison.
EVT_0214,SITE_15_P08_A,SITE_15,P08,1150,1190,during,zone_c,protocol_interruption,"field_log,environment",field_log,Session interrupted by a documented protocol deviation.,confirmed,No infrastructure on site; open ruins exposed to wind.,true,True,good,1.1,1.4,-6.9,-25.2,2,0.501,33.9,Exclude this session from primary analysis but retain for audit and robustness testing.
EVT_0215,SITE_15_P09_A,SITE_15,P09,490,530,during,zone_a,protocol_interruption,"field_log,environment",field_log,Session interrupted by a documented protocol deviation.,confirmed,No infrastructure on site; open ruins exposed to wind.,true,True,good,-2.2,29.4,-6.5,-28.2,2,0.345,40.8,Exclude this session from primary analysis but retain for audit and robustness testing.
EVT_0216,SITE_15_P09_B,SITE_15,P09,900,970,during,zone_c,single_sensor_deviation,"muse,polar",automated_screen,EEG beta increase during a short signal-quality reduction.,probable,Short signal-quality reduction may explain the isolated deviation.,unknown,False,degraded,9.8,-12.9,18.5,-27.5,2,0.112,32.0,Context suggests a conventional or single-modality explanation.
EVT_0217,SITE_15_P09_B,SITE_15,P09,1380,1450,during,zone_d,movement_event,"bodycam,muse_accel",automated_screen,Short movement burst detected in body-camera and accelerometer data.,confirmed,Equipment handling is the most likely source.,true,False,good,5.7,13.5,8.0,-30.6,2,0.511,32.0,Context suggests a conventional or single-modality explanation.
EVT_0218,SITE_15_P10_A,SITE_15,P10,460,510,during,zone_a,multimodal_coincidence,"polar,muse,audio",sensor_rule+field_log,Concurrent physiological and EEG change occurred near an audio transient. Body-camera movement remained low.,unresolved,,unknown,True,good,5.8,-10.5,-0.4,-26.1,2,0.106,26.7,Low-context event; retain for comparison.
EVT_0219,SITE_15_P10_A,SITE_15,P10,600,680,during,zone_b,multimodal_coincidence,"polar,muse,audio,bodycam",sensor_rule+manual_review,Concurrent physiological and EEG change occurred near an audio transient. Body-camera movement remained low.,unresolved,,false,True,good,11.0,-27.4,14.9,-28.0,2,0.062,30.6,No immediate environmental explanation was documented; compare across independent sessions.
EVT_0220,SITE_15_P10_A,SITE_15,P10,1430,1510,during,zone_d,audio_transient,audio,automated_screen,Short audio transient detected without a sustained multi-sensor response.,probable,nan,true,False,good,-0.3,-11.8,-0.3,-24.1,3,0.14,33.3,Context suggests a conventional or single-modality explanation.
